{
  "project_info": {
    "project_number": "805237617586",
    "project_id": "untitled20-3ecfc",
    "storage_bucket": "untitled20-3ecfc.firebasestorage.app"
  },
  "client": [
    {
      "client_info": {
        "mobilesdk_app_id": "1:805237617586:android:fd734d54947c8650702aab",
        "android_client_info": {
          "package_name": "com.example.untitled20"
        }
      },
      "oauth_client": [],
      "api_key": [
        {
          "current_key": "AIzaSyDzNnZ_qpf34zHDnOb6Hj-FpZSX8Y5RsDc"
        }
      ],
      "services": {
        "appinvite_service": {
          "other_platform_oauth_client": []
        }
      }
    }
  ],
  "configuration_version": "1"
}